Line,Score,FlashScore,FixFreq,BlockFreq
org.apache.commons.lang.NumberUtils#301,0.3333333333333333,0.5956638902498775,4863,8164
org.apache.commons.lang.NumberUtils#302,0.3333333333333333,0.5411590992986341,7330,13545
org.apache.commons.lang.NumberUtils#177,0.3333333333333333,0.506224593495935,3985,7872
org.apache.commons.lang.NumberUtils#185,0.3333333333333333,0.506224593495935,3985,7872
org.apache.commons.lang.NumberUtils#300,0.3333333333333333,0.29838709677419356,37,124
org.apache.commons.lang.NumberUtils#179,0.3333333333333333,0.24065196548418025,251,1043
org.apache.commons.lang.NumberUtils#174,0.3333333333333333,0.24050632911392406,209,869
org.apache.commons.lang.NumberUtils#189,0.3333333333333333,0.23076923076923078,3,13
org.apache.commons.lang.NumberUtils#181,0.3333333333333333,0.20066889632107024,780,3887
org.apache.commons.lang.NumberUtils#297,0.3333333333333333,0.2,19,95
org.apache.commons.lang.NumberUtils#162,0.3333333333333333,0.12625698324022347,339,2685
org.apache.commons.lang.NumberUtils#139,0.3333333333333333,0.1262135922330097,364,2884
org.apache.commons.lang.NumberUtils#182,0.3333333333333333,0.11630526612221909,413,3551
org.apache.commons.lang.NumberUtils#190,0.3333333333333333,0.11428571428571428,4,35
org.apache.commons.lang.NumberUtils#188,0.3333333333333333,0.1031331592689295,79,766
org.apache.commons.lang.NumberUtils#160,0.3333333333333333,0.08475925189017111,426,5026
org.apache.commons.lang.NumberUtils#142,0.3333333333333333,0.08338368580060423,276,3310
org.apache.commons.lang.NumberUtils#155,0.3333333333333333,0.08143861099627946,197,2419
org.apache.commons.lang.NumberUtils#152,0.3333333333333333,0.07482517482517483,107,1430
org.apache.commons.lang.NumberUtils#159,0.3333333333333333,0.06599220345275664,711,10774
org.apache.commons.lang.NumberUtils#145,0.3333333333333333,0.04540128881077914,155,3414
org.apache.commons.lang.NumberUtils#193,0.3333333333333333,0.0,0,0