Line,Score,FlashScore,FixFreq,BlockFreq
org.apache.commons.lang.StringUtils#1045,0.5,0.40319258496395466,783,1942
org.apache.commons.lang.StringUtils#1048,0.5,0.13870205417196874,763,5501
org.apache.commons.lang.StringUtils#1018,0.3333333333333333,0.13870205417196874,763,5501
org.apache.commons.lang.StringUtils#1015,0.25,0.40319258496395466,783,1942