Line,Score,FlashScore,FixFreq,BlockFreq
org.apache.commons.lang.StringUtils#1045,0.9948979591836735,0.40319258496395466,783,1942
org.apache.commons.lang.StringUtils#1048,0.9948979591836735,0.13870205417196874,763,5501
org.apache.commons.lang.StringUtils#1018,0.9898477157360407,0.13870205417196874,763,5501
org.apache.commons.lang.StringUtils#1015,0.9848484848484849,0.40319258496395466,783,1942