Line,Score,FlashScore,FixFreq,BlockFreq
org.apache.commons.math.stat.Frequency#134,0.7071067811865475,2.031504630310558,1848,3777
org.apache.commons.math.stat.Frequency#126,0.4082482904638631,0.9007452882691774,1880,8666
org.apache.commons.math.stat.Frequency#122,0.4082482904638631,0.5958102217834704,32,223
org.apache.commons.math.stat.Frequency#121,0.4082482904638631,0.29126452714793294,380,5417
org.apache.commons.math.stat.Frequency#58,0.3779644730092272,2.1018710804075753,3985,7872
org.apache.commons.math.stat.Frequency#132,-1.4142135623730951,0.0,0,0
org.apache.commons.math.stat.Frequency#57,-2.6457513110645907,0.0,0,0
org.apache.commons.math.stat.Frequency#59,-2.6457513110645907,0.0,0,0