Line,Score,FlashScore,FixFreq,BlockFreq
org.apache.commons.math.complex.Complex#277,0.5,0.40319258496395466,783,1942
org.apache.commons.math.complex.Complex#280,0.5,0.13870205417196874,763,5501
org.apache.commons.math.complex.Complex#363,0.05,0.1136085626911315,743,6540
org.apache.commons.math.complex.Complex#358,0.041666666666666664,0.24861878453038674,360,1448
org.apache.commons.math.complex.Complex#258,0.03333333333333333,0.506224593495935,3985,7872
org.apache.commons.math.complex.Complex#355,0.03333333333333333,0.1227364185110664,244,1988
org.apache.commons.math.complex.Complex#255,0.030303030303030304,0.2770012706480305,1962,7083
org.apache.commons.math.complex.Complex#263,0.030303030303030304,0.0,0,0
org.apache.commons.math.complex.Complex#254,0.029411764705882353,0.2169397645972767,1880,8666
org.apache.commons.math.complex.Complex#250,0.02857142857142857,0.0,0,1
org.apache.commons.math.complex.Complex#248,0.02631578947368421,0.24615921787709497,705,2864
org.apache.commons.math.complex.Complex#266,0.02631578947368421,0.12754835337166753,976,7652
org.apache.commons.math.complex.Complex#872,0.016129032258064516,0.5411590992986341,7330,13545
org.apache.commons.math.complex.Complex#310,0.009009009009009009,0.5411590992986341,7330,13545
org.apache.commons.math.complex.Complex#299,0.008620689655172414,0.5411590992986341,7330,13545
org.apache.commons.math.complex.Complex#78,0.006711409395973154,0.2742914979757085,542,1976
org.apache.commons.math.complex.Complex#77,0.006711409395973154,0.15367965367965367,71,462
org.apache.commons.math.complex.Complex#76,0.006711409395973154,0.11378353376503238,123,1081
org.apache.commons.math.complex.Complex#45,0.006711409395973154,0.0,0,0
org.apache.commons.math.complex.Complex#48,0.006711409395973154,0.0,0,0
org.apache.commons.math.complex.Complex#51,0.006711409395973154,0.0,0,0
org.apache.commons.math.complex.Complex#54,0.006711409395973154,0.0,0,0
org.apache.commons.math.complex.Complex#57,0.006711409395973154,0.0,0,0
org.apache.commons.math.complex.Complex#79,0.006711409395973154,0.0,0,0