Line,Score,FlashScore,FixFreq,BlockFreq
org.joda.time.field.FieldUtils#140,1.0,0.0,0,0
org.joda.time.field.FieldUtils#138,0.2773500981126146,0.0,0,0
org.joda.time.field.FieldUtils#142,0.19611613513818404,0.0,0,0
org.joda.time.field.FieldUtils#145,0.19245008972987526,0.18308227114716108,316,1726
org.joda.time.field.FieldUtils#148,0.19245008972987526,0.12754835337166753,976,7652
org.joda.time.field.FieldUtils#144,0.19245008972987526,0.0,0,2
org.joda.time.field.FieldUtils#136,0.1386750490563073,0.0,0,7