Line,Score,FlashScore,FixFreq,BlockFreq
org.joda.time.field.FieldUtils#140,1.0,0.0,0,0
org.joda.time.field.FieldUtils#138,0.07692307692307693,0.0,0,0
org.joda.time.field.FieldUtils#142,0.038461538461538464,0.0,0,0
org.joda.time.field.FieldUtils#145,0.037037037037037035,0.18308227114716108,316,1726
org.joda.time.field.FieldUtils#148,0.037037037037037035,0.12754835337166753,976,7652
org.joda.time.field.FieldUtils#144,0.037037037037037035,0.0,0,2
org.joda.time.field.FieldUtils#136,0.019230769230769232,0.0,0,7